[
  {
    "id": "c6e69d4d-5a76-4a85-8994-f5cc8e652180",
    "data": [
      {
        "text": "Dessert and Drinks",
        "userDefined": false
      }
    ],
    "isTemplate": false,
    "count": 0,
    "lang": "en",
    "updated": 0
  },
  {
    "id": "137c3ff0-5408-4d26-806a-2887873718b5",
    "data": [
      {
        "text": "Poop",
        "userDefined": false
      }
    ],
    "isTemplate": false,
    "count": 0,
    "lang": "en",
    "updated": 0
  },
  {
    "id": "86bbe88a-4842-46ae-a57c-9a69e248971a",
    "data": [
      {
        "text": "Daru op",
        "userDefined": false
      }
    ],
    "isTemplate": false,
    "count": 0,
    "lang": "en",
    "updated": 0
  },
  {
    "id": "d17a227e-2268-447e-aa8e-60c274cbd855",
    "data": [
      {
        "text": "Dessert",
        "userDefined": false
      }
    ],
    "isTemplate": false,
    "count": 0,
    "lang": "en",
    "updated": 0
  },
  {
    "id": "80398178-df78-48f4-a7a0-c1fb404eda6d",
    "data": [
      {
        "text": "Drink",
        "userDefined": false
      }
    ],
    "isTemplate": false,
    "count": 0,
    "lang": "en",
    "updated": 0
  }
]