[
  {
    "id": "fa56d0ff-1c25-4bd9-bcad-9512a5fdd61e",
    "data": [
      {
        "text": "egg",
        "meta": "@sys.any",
        "alias": "any",
        "userDefined": true
      }
    ],
    "isTemplate": false,
    "count": 0,
    "lang": "en",
    "updated": 0
  },
  {
    "id": "b13b31e1-df0b-4cb2-9a42-b0485c5f7e18",
    "data": [
      {
        "text": "Chiken",
        "meta": "@sys.any",
        "alias": "any",
        "userDefined": true
      }
    ],
    "isTemplate": false,
    "count": 0,
    "lang": "en",
    "updated": 0
  },
  {
    "id": "9c1f2015-7332-478f-a020-87d9e11dfacb",
    "data": [
      {
        "text": "Tomato Soup",
        "meta": "@sys.any",
        "alias": "any",
        "userDefined": true
      }
    ],
    "isTemplate": false,
    "count": 0,
    "lang": "en",
    "updated": 0
  },
  {
    "id": "ad8a7e4a-d24a-42fe-a795-6a6c58ca12ba",
    "data": [
      {
        "text": "Ice Cream",
        "meta": "@sys.any",
        "alias": "any",
        "userDefined": true
      }
    ],
    "isTemplate": false,
    "count": 0,
    "lang": "en",
    "updated": 0
  },
  {
    "id": "5d01e1cc-bb18-4462-9c56-150ed971a030",
    "data": [
      {
        "text": "Jamun",
        "meta": "@sys.any",
        "alias": "any",
        "userDefined": true
      }
    ],
    "isTemplate": false,
    "count": 0,
    "lang": "en",
    "updated": 0
  },
  {
    "id": "e88a6537-df63-40f5-bc21-89c975596829",
    "data": [
      {
        "text": "Vegetable Samosa",
        "meta": "@sys.any",
        "alias": "any",
        "userDefined": true
      }
    ],
    "isTemplate": false,
    "count": 0,
    "lang": "en",
    "updated": 0
  }
]